Ticket,Open,Type,Volume,Symbol,Price,SL,TP,Close,Price,Swap,Commissions,Profit,Pips,"Trade duration in seconds"
111577995,"2026-01-14 18:59:57",buy,0.01,ETHUSD,3368.68000000,0,0,"2026-01-20 10:36:53",3088.75000000,-1.64,-0.21,-27.99000000,-279.9,488216
111491200,"2026-01-14 16:59:54",buy,0.01,ETHUSD,3347.11000000,0,0,"2026-01-20 10:36:53",3088.75000000,-1.64,-0.21,-25.84000000,-258.4,495419
111194639,"2026-01-14 03:59:53",buy,0.01,ETHUSD,3335.78000000,0,0,"2026-01-20 10:36:53",3088.75000000,-1.64,-0.21,-24.70000000,-247,542220
111165108,"2026-01-14 01:59:54",buy,0.01,ETHUSD,3325.34000000,0,0,"2026-01-20 10:36:53",3088.75000000,-1.64,-0.21,-23.66000000,-236.6,549419
110889513,"2026-01-13 15:59:54",buy,0.01,ETHUSD,3142.26000000,0,0,"2026-01-20 10:36:53",3088.75000000,-1.91,-0.2,-5.35000000,-53.5,585419
111126820,"2026-01-13 21:59:54",buy,0.01,ETHUSD,3214.30000000,0,0,"2026-01-20 10:36:53",3088.75000000,-1.91,-0.2,-12.56000000,-125.6,563819
111056655,"2026-01-13 18:59:53",buy,0.01,ETHUSD,3179.98000000,0,0,"2026-01-20 10:36:53",3088.75000000,-1.91,-0.2,-9.12000000,-91.2,574620
111224776,"2026-01-14 06:59:50",buy,0.01,BTCUSD,95192.74000000,0,0,"2026-01-20 10:36:53",90695.20000000,-4.77,-0.6,-44.98000000,-4497.5,531423
111145716,"2026-01-13 22:59:52",buy,0.01,BTCUSD,94358.28000000,0,0,"2026-01-20 10:36:53",90695.20000000,-5.55,-0.6,-36.63000000,-3663.1,560221
110829631,"2026-01-13 14:59:50",buy,0.01,BTCUSD,92074.15000000,0,0,"2026-01-20 10:36:53",90695.20000000,-5.55,-0.59,-13.79000000,-1379,589023
110549707,"2026-01-12 19:59:50",buy,0.01,BTCUSD,91480.06000000,0,0,"2026-01-20 10:36:53",90695.20000000,-6.31,-0.59,-7.85000000,-784.9,657423
111145992,"2026-01-13 23:00:02",buy,0.01,BNBUSD,943.96000000,0,0,"2026-01-20 10:36:53",911.64000000,-5.46,-0.61,-32.32000000,-32.3,560211
110067586,"2026-01-10 03:59:57",buy,0.01,BNBUSD,899.77000000,0,0,"2026-01-20 10:36:53",911.64000000,-6.21,-0.59,11.87000000,11.9,887816
110786271,"2026-01-13 12:59:57",buy,0.01,BNBUSD,909.57000000,0,0,"2026-01-20 10:36:53",911.64000000,-5.46,-0.6,2.07000000,2.1,596216
111205769,"2026-01-14 04:59:55",buy,0.01,BNBUSD,949.01000000,0,0,"2026-01-14 15:59:58",932.98000000,0,-0.61,-16.03000000,-16,39603
110600601,"2026-01-13 00:59:53",sell,0.01,ETHUSD,3093.82000000,0,0,"2026-01-13 08:59:55",3133.39000000,0,-0.2,-3.96000000,-39.6,28802
110197030,"2026-01-12 05:59:52",buy,0.01,ETHUSD,3151.48000000,0,0,"2026-01-12 13:59:53",3114.26000000,0,-0.2,-3.72000000,-37.2,28801
110197016,"2026-01-12 05:59:49",buy,0.01,BTCUSD,91763.19000000,0,0,"2026-01-12 12:59:50",90382.49000000,0,-0.59,-13.81000000,-1380.7,25201
110073603,"2026-01-10 20:00:02",buy,0.01,BNBUSD,908.95000000,0,0,"2026-01-12 11:00:22",903.63000000,0,-0.59,-5.32000000,-5.3,140420
110078562,"2026-01-11 08:59:56",buy,0.01,BNBUSD,914.35000000,0,0,"2026-01-11 20:59:57",906.75000000,0,-0.59,-7.60000000,-7.6,43201
110065285,"2026-01-10 00:59:54",sell,0.01,ETHUSD,3084.52000000,0,0,"2026-01-11 20:59:53",3128.80000000,0,-0.2,-4.43000000,-44.3,158399
109475266,"2026-01-08 16:59:56",sell,0.01,ETHUSD,3075.49000000,0,0,"2026-01-11 14:59:55",3112.83000000,-1.03,-0.2,-3.73000000,-37.3,251999
110065284,"2026-01-10 00:59:50",sell,0.01,BTCUSD,90582.44000000,0,0,"2026-01-11 08:59:49",90697.61000000,0,-0.58,-1.15000000,-115.2,115199
109792973,"2026-01-09 13:59:50",sell,0.01,BTCUSD,90405.46000000,0,0,"2026-01-09 18:59:49",91584.59000000,0,-0.59,-11.79000000,-1179.1,17999
109301460,"2026-01-08 10:59:49",sell,0.01,BTCUSD,90179.35000000,0,0,"2026-01-08 22:59:51",90881.15000000,0,-0.59,-7.02000000,-701.8,43202
107282400,"2025-12-31 14:59:54",buy,0.01,ETHUSD,2986.42000000,0,0,"2026-01-08 10:59:53",3114.70000000,-2.08,-0.2,12.83000000,128.3,676799
107071950,"2025-12-30 19:00:01",buy,0.01,BNBUSD,861.10000000,0,0,"2026-01-08 09:59:56",885.08000000,-6.64,-0.57,23.98000000,24,745195
107412792,"2026-01-01 21:59:53",buy,0.01,ETHUSD,2993.45000000,0,0,"2026-01-08 05:59:53",3141.05000000,-1.83,-0.2,14.76000000,147.6,547200
107529962,"2026-01-02 11:59:57",buy,0.01,BNBUSD,871.68000000,0,0,"2026-01-08 00:59:58",898.40000000,-4.48,-0.57,26.72000000,26.7,478801
107454508,"2026-01-02 04:59:53",buy,0.01,ETHUSD,3001.17000000,0,0,"2026-01-08 00:59:55",3151.40000000,-1.58,-0.2,15.02000000,150.2,504002
107477828,"2026-01-02 07:59:49",buy,0.01,BTCUSD,88720.27000000,0,0,"2026-01-07 22:59:52",91011.19000000,-3.81,-0.59,22.91000000,2290.9,486003
107517141,"2026-01-02 10:59:52",buy,0.01,ETHUSD,3031.21000000,0,0,"2026-01-07 20:59:57",3145.22000000,-1.32,-0.2,11.40000000,114,468005
107788783,"2026-01-04 04:59:57",buy,0.01,BNBUSD,881.32000000,0,0,"2026-01-07 18:59:56",899.09000000,-1.52,-0.58,17.77000000,17.8,309599
107570711,"2026-01-02 14:59:52",buy,0.01,ETHUSD,3047.75000000,0,0,"2026-01-07 18:59:52",3155.47000000,-1.32,-0.2,10.77000000,107.7,446400
107753415,"2026-01-02 20:59:58",buy,0.01,ETHUSD,3109.80000000,0,0,"2026-01-07 15:59:53",3210.39000000,-1.32,-0.2,10.06000000,100.6,413995
107555862,"2026-01-02 13:59:49",buy,0.01,BTCUSD,89458.79000000,0,0,"2026-01-07 15:59:49",91993.15000000,-3.81,-0.59,25.34000000,2534.4,439200
108644960,"2026-01-06 20:59:54",buy,0.01,ETHUSD,3218.48000000,0,0,"2026-01-07 12:59:56",3216.53000000,-0.27,-0.2,-0.20000000,-2,57602
107735700,"2026-01-02 19:59:50",buy,0.01,BTCUSD,90299.35000000,0,0,"2026-01-07 10:59:51",92679.81000000,-3.81,-0.59,23.80000000,2380.5,399601
107932732,"2026-01-05 11:00:03",buy,0.01,BNBUSD,898.91000000,0,0,"2026-01-06 20:59:58",901.34000000,-0.76,-0.58,2.43000000,2.4,122395
107788781,"2026-01-04 04:59:49",buy,0.01,BTCUSD,91099.94000000,0,0,"2026-01-06 20:59:51",92013.69000000,-0.78,-0.6,9.14000000,913.8,230402
107788782,"2026-01-04 04:59:53",buy,0.01,ETHUSD,3139.88000000,0,0,"2026-01-05 10:59:57",3161.94000000,0,-0.2,2.21000000,22.1,108004
107772884,"2026-01-03 01:59:52",buy,0.01,ETHUSD,3124.17000000,0,0,"2026-01-03 13:59:52",3096.95000000,0,-0.2,-2.72000000,-27.2,43200
107775405,"2026-01-03 07:59:52",buy,0.01,ETHUSD,3111.29000000,0,0,"2026-01-03 13:59:52",3096.93000000,0,-0.2,-1.44000000,-14.4,21600
107735780,"2026-01-02 19:59:58",buy,0.01,BNBUSD,887.57000000,0,0,"2026-01-03 12:59:55",873.98000000,-2.21,-0.57,-13.59000000,-13.6,61197
107406880,"2026-01-01 09:59:49",sell,0.01,BTCUSD,87603.23000000,0,0,"2026-01-02 00:59:50",88603.24000000,-0.74,-0.57,-10.00000000,-1000,54001
107213775,"2025-12-31 10:00:02",buy,0.01,BNBUSD,868.48000000,0,0,"2026-01-01 15:00:03",859.37000000,-0.72,-0.56,-9.11000000,-9.1,104401
107400345,"2025-12-31 22:59:50",sell,0.01,BTCUSD,87665.73000000,0,0,"2026-01-01 13:59:50",87980.50000000,-0.73,-0.57,-3.15000000,-314.8,54000
107282388,"2025-12-31 14:59:50",buy,0.01,BTCUSD,88737.29000000,0,0,"2025-12-31 17:59:50",87888.47000000,0,-0.58,-8.49000000,-848.8,10800
106870401,"2025-12-30 04:59:49",sell,0.01,BTCUSD,87071.63000000,0,0,"2025-12-30 18:59:52",88729.42000000,0,-0.57,-16.58000000,-1657.8,50403
106870403,"2025-12-30 04:59:53",sell,0.01,ETHUSD,2926.61000000,0,0,"2025-12-30 15:59:55",2986.31000000,0,-0.2,-5.97000000,-59.7,39602
106828050,"2025-12-29 20:59:52",sell,0.01,BTCUSD,87407.89000000,0,0,"2025-12-30 14:59:50",87992.75000000,-0.73,-0.57,-5.85000000,-584.9,64798
106820853,"2025-12-29 19:59:54",sell,0.01,ETHUSD,2941.22000000,0,0,"2025-12-30 10:59:53",2977.00000000,-0.24,-0.2,-3.58000000,-35.8,53999
106511210,"2025-12-28 20:59:59",buy,0.01,BNBUSD,859.56000000,0,0,"2025-12-29 17:00:01",851.58000000,0,-0.56,-7.98000000,-8,72002
106576832,"2025-12-29 06:59:53",buy,0.01,ETHUSD,3038.99000000,0,0,"2025-12-29 15:59:57",2925.84000000,0,-0.2,-11.32000000,-113.2,32404
106576829,"2025-12-29 06:59:49",buy,0.01,BTCUSD,90113.84000000,0,0,"2025-12-29 13:59:51",87539.10000000,0,-0.57,-25.75000000,-2574.7,25202
106498457,"2025-12-27 07:59:52",sell,0.01,ETHUSD,2929.29000000,0,0,"2025-12-29 03:59:53",2980.11000000,0,-0.2,-5.08000000,-50.8,158401
106496600,"2025-12-27 00:59:50",sell,0.01,BTCUSD,87499.44000000,0,0,"2025-12-29 02:59:49",88278.38000000,0,-0.57,-7.79000000,-778.9,179999
106459818,"2025-12-26 19:00:01",sell,0.01,BNBUSD,828.73000000,0,0,"2025-12-28 10:59:56",846.05000000,-2.09,-0.54,-17.32000000,-17.3,143995
106441750,"2025-12-26 17:59:56",sell,0.01,ETHUSD,2920.05000000,0,0,"2025-12-28 04:59:54",2946.20000000,-0.73,-0.19,-2.62000000,-26.2,125998
106238342,"2025-12-25 13:59:56",sell,0.01,BNBUSD,837.73000000,0,0,"2025-12-27 12:59:55",842.08000000,-2.79,-0.54,-4.35000000,-4.4,169199
106276884,"2025-12-26 03:59:53",sell,0.01,ETHUSD,2916.67000000,0,0,"2025-12-26 12:59:53",2970.89000000,0,-0.19,-5.42000000,-54.2,32400
106048211,"2025-12-24 06:59:56",sell,0.01,BNBUSD,839.63000000,0,0,"2025-12-26 08:59:56",844.18000000,-1.41,-0.54,-4.55000000,-4.6,180000
106238778,"2025-12-25 14:59:52",sell,0.01,ETHUSD,2926.31000000,0,0,"2025-12-26 04:59:53",2972.20000000,-0.25,-0.2,-4.59000000,-45.9,50401
106263247,"2025-12-26 02:59:50",sell,0.01,BTCUSD,87073.80000000,0,0,"2025-12-26 04:59:49",89124.41000000,0,-0.57,-20.51000000,-2050.6,7199
106086790,"2025-12-24 10:59:51",sell,0.01,BTCUSD,86729.40000000,0,0,"2025-12-25 18:59:50",88038.19000000,-0.73,-0.57,-13.09000000,-1308.8,115199
106125250,"2025-12-24 14:59:58",sell,0.01,ETHUSD,2934.71000000,0,0,"2025-12-25 17:59:53",2958.31000000,-0.25,-0.2,-2.36000000,-23.6,97195
105735438,"2025-12-23 12:59:56",sell,0.01,BNBUSD,851.59000000,0,0,"2025-12-24 22:59:58",849.11000000,-0.7,-0.56,2.48000000,2.5,122402
105735433,"2025-12-23 12:59:53",sell,0.01,ETHUSD,2965.37000000,0,0,"2025-12-24 21:59:54",2944.81000000,-0.25,-0.2,2.06000000,20.6,118801
105720051,"2025-12-23 11:59:51",sell,0.01,BTCUSD,87493.26000000,0,0,"2025-12-24 21:59:50",87521.76000000,-0.73,-0.56,-0.29000000,-28.5,122399
105330295,"2025-12-22 11:59:55",buy,0.01,ETHUSD,3039.38000000,0,0,"2025-12-23 05:59:52",2991.49000000,-0.25,-0.2,-4.79000000,-47.9,64797
105346913,"2025-12-22 12:59:51",buy,0.01,BTCUSD,89742.49000000,0,0,"2025-12-22 22:59:49",88314.05000000,0,-0.58,-14.28000000,-1428.4,35998
105155410,"2025-12-21 17:00:01",sell,0.01,BNBUSD,850.63000000,0,0,"2025-12-21 21:00:01",853.41000000,0,-0.56,-2.78000000,-2.8,14400
104102489,"2025-12-17 20:59:58",sell,0.01,BNBUSD,837.89000000,0,0,"2025-12-21 13:59:58",857.36000000,-3.53,-0.55,-19.47000000,-19.5,320400
103012076,"2025-12-15 22:59:53",sell,0.01,BTCUSD,85808.37000000,0,0,"2025-12-20 02:59:50",87967.23000000,-5.08,-0.57,-21.59000000,-2158.9,359997
10466990699257759,"2025-12-18 21:59:55",sell,0.01,ETHUSD,2781.18000000,0,0,"2025-12-20 01:59:53",2978.64000000,-0.98,-0.19,-19.75000000,-197.5,100798
103012310,"2025-12-15 23:00:06",sell,0.01,BNBUSD,846.41000000,0,0,"2025-12-19 19:00:05",848.79000000,-2.83,-0.56,-2.38000000,-2.4,331199
104669906,"2025-12-18 21:59:55",sell,0.01,ETHUSD,2781.18000000,0,0,"2025-12-19 15:59:55",2960.60000000,-0.24,-0.19,-17.94000000,-179.4,64800
102877498,"2025-12-15 17:59:51",sell,0.01,BTCUSD,87011.42000000,0,0,"2025-12-19 12:59:50",88223.08000000,-2.88,-0.57,-12.12000000,-1211.7,327599
10407888398917671,"2025-12-17 19:59:54",sell,0.01,ETHUSD,2845.36000000,0,0,"2025-12-19 07:59:53",2921.79000000,-0.47,-0.18,-7.64000000,-76.4,129599
104078883,"2025-12-17 19:59:54",sell,0.01,ETHUSD,2845.36000000,0,0,"2025-12-19 05:59:53",2906.40000000,-0.47,-0.18,-6.10000000,-61,122399
103795102,"2025-12-17 12:59:54",sell,0.01,ETHUSD,2918.75000000,0,0,"2025-12-18 18:59:56",2943.36000000,-0.23,-0.19,-2.46000000,-24.6,108002
103019428,"2025-12-16 00:59:54",sell,0.01,ETHUSD,2950.81000000,0,0,"2025-12-18 13:59:54",2857.62000000,-0.48,-0.19,9.32000000,93.2,219600
102980287,"2025-12-15 20:59:52",sell,0.01,ETHUSD,2936.18000000,0,0,"2025-12-17 16:59:56",2992.16000000,-0.5,-0.2,-5.60000000,-56,158404
102932208,"2025-12-15 18:59:53",sell,0.01,ETHUSD,2987.69000000,0,0,"2025-12-17 03:59:54",2952.90000000,-0.5,-0.2,3.48000000,34.8,118801
102450099,"2025-12-14 13:59:50",sell,0.01,BTCUSD,89324.72000000,0,0,"2025-12-16 18:59:50",87539.20000000,-0.72,-0.57,17.86000000,1785.5,190800
102932230,"2025-12-15 18:59:57",sell,0.01,BNBUSD,852.20000000,0,0,"2025-12-16 14:59:59",868.68000000,-0.71,-0.56,-16.48000000,-16.5,72002
102456309,"2025-12-14 17:59:55",sell,0.01,ETHUSD,3082.88000000,0,0,"2025-12-15 09:59:55",3127.64000000,0,-0.2,-4.48000000,-44.8,57600
102395355,"2025-12-12 20:59:52",sell,0.01,BTCUSD,90310.81000000,0,0,"2025-12-15 08:59:51",89691.37000000,-2.25,-0.58,6.19000000,619.4,215999
102406919,"2025-12-12 21:59:56",sell,0.01,ETHUSD,3071.95000000,0,0,"2025-12-15 04:59:55",3119.04000000,-0.77,-0.2,-4.71000000,-47.1,197999
102418037,"2025-12-12 23:00:03",sell,0.01,BNBUSD,877.28000000,0,0,"2025-12-13 01:59:58",881.87000000,-2.2,-0.58,-4.59000000,-4.6,10795
101813891,"2025-12-12 00:59:56",buy,0.01,ETHUSD,3237.04000000,0,0,"2025-12-12 18:59:56",3066.62000000,0,-0.21,-17.04000000,-170.4,64800
101323909,"2025-12-11 09:59:56",sell,0.01,BNBUSD,866.91000000,0,0,"2025-12-12 03:00:01",880.76000000,-0.74,-0.57,-13.85000000,-13.9,61205
101350823,"2025-12-11 10:59:52",sell,0.01,BTCUSD,90151.99000000,0,0,"2025-12-12 01:59:50",92443.39000000,-0.77,-0.59,-22.91000000,-2291.4,53998
99423062,"2025-12-08 08:59:57",buy,0.01,ETHUSD,3129.57000000,0,0,"2025-12-11 19:00:03",3175.88000000,-0.81,-0.2,4.63000000,46.3,295206
100462026,"2025-12-09 19:59:57",buy,0.01,ETHUSD,3373.96000000,0,0,"2025-12-11 17:59:55",3178.08000000,-0.55,-0.21,-19.59000000,-195.9,165598
100504771,"2025-12-09 21:59:56",buy,0.01,ETHUSD,3357.23000000,0,0,"2025-12-11 10:59:56",3195.28000000,-0.55,-0.21,-16.20000000,-162,133200
100799347,"2025-12-10 14:59:58",buy,0.01,ETHUSD,3323.13000000,0,0,"2025-12-11 04:59:53",3208.87000000,-0.28,-0.21,-11.43000000,-114.3,50395
100799307,"2025-12-10 14:59:52",buy,0.01,BTCUSD,91962.69000000,0,0,"2025-12-10 16:59:51",91799.45000000,0,-0.6,-1.63000000,-163.2,7199
100504992,"2025-12-09 22:00:01",buy,0.01,BNBUSD,914.76000000,0,0,"2025-12-10 15:00:04",887.56000000,-0.75,-0.59,-27.20000000,-27.2,61203
99951396,"2025-12-09 04:59:51",sell,0.01,BTCUSD,90016.14000000,0,0,"2025-12-09 17:59:53",92597.43000000,0,-0.59,-25.81000000,-2581.3,46802
99911270,"2025-12-09 00:59:59",buy,0.01,BNBUSD,899.83000000,0,0,"2025-12-09 01:59:59",897.35000000,0,-0.58,-2.48000000,-2.5,3600
99516798,"2025-12-08 12:00:00",buy,0.01,BNBUSD,910.49000000,0,0,"2025-12-08 21:59:59",895.12000000,0,-0.59,-15.37000000,-15.4,35999
99279023,"2025-12-07 16:59:50",sell,0.01,BTCUSD,88208.47000000,0,0,"2025-12-08 09:59:51",91520.06000000,0,-0.59,-33.12000000,-3311.6,61201
99255330,"2025-12-06 06:59:55",sell,0.01,ETHUSD,3034.74000000,0,0,"2025-12-07 21:59:56",3136.41000000,0,-0.2,-10.17000000,-101.7,140401
99189772,"2025-12-05 19:59:51",sell,0.01,BTCUSD,89278.82000000,0,0,"2025-12-07 17:59:53",89545.01000000,-2.23,-0.58,-2.66000000,-266.2,165602
97799848,"2025-12-03 16:59:56",buy,0.01,ETHUSD,3076.26000000,0,0,"2025-12-05 21:59:57",3036.09000000,-0.52,-0.2,-4.02000000,-40.2,190801
98729111,"2025-12-05 07:59:55",buy,0.01,ETHUSD,3155.11000000,0,0,"2025-12-05 12:59:55",3133.11000000,0,-0.2,-2.20000000,-22,18000
98772204,"2025-12-05 10:00:00",buy,0.01,BNBUSD,902.34000000,0,0,"2025-12-05 12:00:00",891.42000000,0,-0.58,-10.92000000,-10.9,7200
98029178,"2025-12-04 02:59:58",buy,0.01,BNBUSD,923.07000000,0,0,"2025-12-05 01:00:00",902.66000000,-0.75,-0.59,-20.41000000,-20.4,79202
98047434,"2025-12-04 03:59:54",buy,0.01,ETHUSD,3201.22000000,0,0,"2025-12-05 00:59:55",3142.28000000,-0.26,-0.2,-5.89000000,-58.9,75601
98029146,"2025-12-04 02:59:50",buy,0.01,BTCUSD,92999.40000000,0,0,"2025-12-04 17:59:55",92957.16000000,0,-0.6,-0.42000000,-42.2,54005
9611087191973612,"2025-12-01 09:59:52",sell,0.01,ETHUSD,2838.71000000,0,0,"2025-12-03 07:59:54",3057.39000000,-0.48,-0.19,-21.87000000,-218.7,165602
96575968,"2025-12-01 20:59:55",sell,0.01,BNBUSD,817.50000000,0,0,"2025-12-03 01:59:58",876.98000000,-1.42,-0.56,-59.48000000,-59.5,104403
96067786,"2025-12-01 07:59:49",sell,0.01,BTCUSD,85962.28000000,0,0,"2025-12-03 01:59:50",91240.70000000,-1.48,-0.58,-52.78000000,-5278.4,151201
96110871,"2025-12-01 09:59:52",sell,0.01,ETHUSD,2838.71000000,0,0,"2025-12-03 00:59:53",3016.63000000,-0.48,-0.19,-17.79000000,-177.9,140401
96550753,"2025-12-01 19:59:54",sell,0.01,ETHUSD,2737.83000000,0,0,"2025-12-02 18:59:52",2994.41000000,-0.23,-0.19,-25.66000000,-256.6,82798
96031699,"2025-12-01 05:59:53",sell,0.01,ETHUSD,2823.55000000,0,0,"2025-12-02 16:59:53",2893.33000000,-0.23,-0.18,-6.98000000,-69.8,126000
95996802,"2025-12-01 03:59:49",sell,0.01,BTCUSD,87153.77000000,0,0,"2025-12-02 16:59:50",89209.46000000,-0.72,-0.57,-20.56000000,-2055.7,133201
95996825,"2025-12-01 03:59:52",sell,0.01,ETHUSD,2849.59000000,0,0,"2025-12-02 11:59:52",2797.33000000,-0.23,-0.18,5.23000000,52.3,115200
96041733,"2025-12-01 06:59:54",sell,0.01,BNBUSD,823.19000000,0,0,"2025-12-02 06:59:54",832.20000000,-0.69,-0.54,-9.01000000,-9,86400
95867978,"2025-11-29 10:59:51",sell,0.01,ETHUSD,3006.38000000,0,0,"2025-11-30 16:59:52",3036.51000000,0,-0.2,-3.01000000,-30.1,108001
95865013,"2025-11-29 08:20:53",sell,0.01,BTCUSD,90578.87000000,0,0,"2025-11-30 11:59:50",91361.15000000,0,-0.59,-7.82000000,-782.3,99537
95064096,"2025-11-27 02:59:51",sell,0.01,ETHUSD,3033.60000000,0,0,"2025-11-28 02:59:51",3013.61000000,-0.25,-0.2,2.00000000,20,86400
95064091,"2025-11-27 02:59:48",sell,0.01,BTCUSD,90410.86000000,0,0,"2025-11-27 09:59:48",91361.87000000,0,-0.59,-9.51000000,-951,25200
94795578,"2025-11-26 15:59:49",sell,0.01,BTCUSD,87070.12000000,0,0,"2025-11-26 19:59:49",89814.37000000,0,-0.57,-27.44000000,-2744.3,14400
94443315,"2025-11-26 02:59:46",buy,0.01,ETHUSD,2953.05000000,0,0,"2025-11-26 13:59:48",2912.68000000,0,-0.19,-4.04000000,-40.4,39602
93158707,"2025-11-23 18:59:47",sell,0.01,ETHUSD,2796.81000000,0,0,"2025-11-25 00:59:47",2959.59000000,-0.25,-0.19,-16.28000000,-162.8,108000
92453696,"2025-11-20 19:59:47",sell,0.01,BNBUSD,879.23000000,0,0,"2025-11-24 21:59:46",869.44000000,-2.82,-0.57,9.79000000,9.8,352799
93299655,"2025-11-24 09:59:47",sell,0.01,BTCUSD,86983.23000000,0,0,"2025-11-24 20:59:46",88663.85000000,0,-0.57,-16.81000000,-1680.6,39599
93253112,"2025-11-24 06:59:46",sell,0.01,BTCUSD,86699.80000000,0,0,"2025-11-24 07:59:47",87422.21000000,0,-0.56,-7.22000000,-722.4,3601
93197088,"2025-11-24 02:59:47",sell,0.01,BTCUSD,86698.90000000,0,0,"2025-11-24 04:59:47",87457.44000000,0,-0.56,-7.59000000,-758.5,7200
9110026687887475,"2025-11-18 18:06:30",sell,0.01,BTCUSD,92546.22000000,0,0,"2025-11-24 00:59:47",87914.35000000,-4.38,-0.59,46.32000000,4631.9,456797
9181036587883175,"2025-11-19 21:09:16",sell,0.01,ETHUSD,2898.99000000,0,0,"2025-11-23 21:59:46",2822.12000000,-1.18,-0.184,7.69000000,76.9,348630
9181036587875229,"2025-11-19 21:09:16",sell,0.01,ETHUSD,2898.99000000,0,0,"2025-11-23 17:59:47",2835.23000000,-1.19,-0.184,6.38000000,63.8,334231
9181036587863300,"2025-11-19 21:09:16",sell,0.01,ETHUSD,2898.99000000,0,0,"2025-11-23 11:59:48",2815.37000000,-1.18,-0.184,8.36000000,83.6,312632
92481039,"2025-11-20 20:59:47",sell,0.01,ETHUSD,2813.59000000,0,0,"2025-11-23 11:59:47",2815.37000000,-0.93,-0.18,-0.18000000,-1.8,226800
9110026687863298,"2025-11-18 18:06:30",sell,0.01,BTCUSD,92546.22000000,0,0,"2025-11-23 11:59:47",86348.65000000,-4.39,-0.58,61.98000000,6197.6,409997
91100272,"2025-11-18 18:06:31",sell,0.01,BNBUSD,925.88000000,0,0,"2025-11-23 05:59:47",847.09000000,-4.34,-0.58,78.79000000,78.8,388396
92411883,"2025-11-20 18:59:47",sell,0.01,ETHUSD,2855.52000000,0,0,"2025-11-22 18:59:46",2753.93000000,-0.93,-0.18,10.16000000,101.6,172799
91100266,"2025-11-18 18:06:30",sell,0.01,BTCUSD,92546.22000000,0,0,"2025-11-22 08:13:04",84222.89000000,-4.39,-0.57,83.23000000,8323.3,309994
9181036586671436,"2025-11-19 21:09:16",sell,0.01,ETHUSD,2898.99000000,0,0,"2025-11-20 02:59:47",3019.96000000,-0.25,-0.194,-12.10000000,-121,21031
90574652,"2025-11-17 18:00:10",sell,0.01,BNBUSD,912.19000000,0,0,"2025-11-20 00:59:47",892.90000000,-2.27,-0.59,19.29000000,19.3,197977
91810365,"2025-11-19 21:09:16",sell,0.01,ETHUSD,2898.99000000,0,0,"2025-11-20 00:59:47",2983.99000000,-0.25,-0.194,-8.50000000,-85,13831
90670638,"2025-11-17 22:00:07",sell,0.01,BTCUSD,91603.49000000,0,0,"2025-11-19 21:09:15",89277.29000000,-1.54,-0.59,23.26000000,2326.2,169748
9021971185902765,"2025-11-16 23:00:10",sell,0.04,SOLUSD,136.53000000,0,0,"2025-11-18 18:06:18",138.96000000,-0.43,-0.35714286,-9.72000000,-2.4,155168
90642381,"2025-11-17 21:00:07",sell,0.01,ETHUSD,3025.04000000,0,0,"2025-11-18 18:06:17",3101.86000000,-0.25,-0.2,-7.68000000,-76.8,75970
9021970985902746,"2025-11-16 23:00:09",sell,0.01,ETHUSD,3088.99000000,0,0,"2025-11-18 18:06:16",3101.48000000,-0.25,-0.2,-1.25000000,-12.5,155167
90693539,"2025-11-18 00:05:12",sell,0.02,DOGEUSD,0.15183000,0,0,"2025-11-18 18:06:15",0.15887000,0,-0.2,-14.08000000,0,64863
9021971385902723,"2025-11-16 23:00:10",sell,0.01,DOGEUSD,0.15625000,0,0,"2025-11-18 18:06:14",0.15889000,-0.12,-0.1,-2.64000000,0,155164
90742179,"2025-11-18 05:00:07",sell,0.01,ADAUSD,0.46140000,0,0,"2025-11-18 18:06:11",0.47280000,0,-0.3,-11.40000000,0,47164
9021970885843382,"2025-11-16 23:00:08",sell,0.01,BTCUSD,94070.55000000,0,0,"2025-11-18 17:00:07",91292.69000000,-0.77,-0.605,27.78000000,2777.9,151199
9021971585726161,"2025-11-16 23:00:11",sell,0.01,ADAUSD,0.48120000,0,0,"2025-11-18 14:00:11",0.46910000,-0.38,-0.305,12.10000000,0,140400
9021971385726155,"2025-11-16 23:00:10",sell,0.01,DOGEUSD,0.15625000,0,0,"2025-11-18 14:00:10",0.15693000,-0.13,-0.1,-0.68000000,0,140400
90642396,"2025-11-17 21:00:08",sell,0.01,SOLUSD,130.33000000,0,0,"2025-11-18 11:00:14",137.69000000,-0.11,-0.08,-7.36000000,-7.4,50406
9021970985429600,"2025-11-16 23:00:09",sell,0.01,ETHUSD,3088.99000000,0,0,"2025-11-17 19:00:07",3136.58000000,0,-0.2,-4.76000000,-47.6,71998
9021971385241408,"2025-11-16 23:00:10",sell,0.01,DOGEUSD,0.15625000,0,0,"2025-11-17 13:00:07",0.16244000,0,-0.1,-6.19000000,0,50397
9021971185241402,"2025-11-16 23:00:10",sell,0.01,SOLUSD,136.53000000,0,0,"2025-11-17 13:00:06",142.30000000,0,-0.09428571,-5.77000000,-5.8,50396
9021971185160048,"2025-11-16 23:00:10",sell,0.01,SOLUSD,136.53000000,0,0,"2025-11-17 09:00:06",141.45000000,0,-0.09428571,-4.92000000,-4.9,35996
90219710,"2025-11-16 23:00:09",sell,0.01,BNBUSD,920.00000000,0,0,"2025-11-17 08:00:10",934.97000000,0,-0.6,-14.97000000,-15,32401
90219708,"2025-11-16 23:00:08",sell,0.01,BTCUSD,94070.55000000,0,0,"2025-11-17 08:00:07",95101.47000000,0,-0.615,-10.31000000,-1030.9,32399
90219715,"2025-11-16 23:00:11",sell,0.01,ADAUSD,0.48120000,0,0,"2025-11-17 07:00:06",0.49230000,0,-0.315,-11.10000000,0,28795
90219713,"2025-11-16 23:00:10",sell,0.01,DOGEUSD,0.15625000,0,0,"2025-11-17 06:00:13",0.16162000,0,-0.1,-5.37000000,0,25203
90219709,"2025-11-16 23:00:09",sell,0.01,ETHUSD,3088.99000000,0,0,"2025-11-17 06:00:08",3176.78000000,0,-0.2,-8.78000000,-87.8,25199
90219711,"2025-11-16 23:00:10",sell,0.01,SOLUSD,136.53000000,0,0,"2025-11-17 03:00:06",139.12000000,0,-0.09428571,-2.59000000,-2.6,14396
